s_m,x_m,y_m,theta_rad,w_m
0.0,291792.99625287467,5315305.213900166,0.5662312654278703,12.0
5.0,291797.21311231796,5315307.8944069855,0.5486258704867489,12.0
10.0,291801.52453658637,5315310.42652483,0.5310320929605752,12.0
15.0,291805.83596085483,5315312.958642675,0.5310320929576274,12.0
20.0,291810.1473851233,5315315.490760519,0.5310320928802686,12.0
25.0,291814.4588093917,5315318.022878363,0.5310320928802686,12.0
30.0,291818.7702336602,5315320.554996207,0.5310320929576274,12.0
35.0,291823.08165792865,5315323.087114052,0.5310320929605752,12.0
40.0,291827.39308219706,5315325.6192318965,0.5310320928802686,12.0
45.0,291831.7045064655,5315328.15134974,0.5310320928773209,12.0
50.0,291836.015930734,5315330.683467585,0.5310320929605752,12.0
55.0,291840.3273550024,5315333.215585429,0.5310320928802686,12.0
60.0,291844.63877927087,5315335.747703273,0.5310320928773209,12.0
65.0,291848.95020353934,5315338.279821117,0.5310320929605752,12.0
70.0,291853.26162780775,5315340.811938962,0.5310320929605752,12.0
75.0,291857.5730520762,5315343.3440568065,0.5310320928773209,12.0
80.0,291861.8844763447,5315345.87617465,0.5310320928802686,12.0
85.0,291866.1959006131,5315348.408292495,0.5310320929605752,12.0
90.0,291870.50732488156,5315350.940410339,0.5310320928773209,12.0
95.0,291874.81874915,5315353.472528183,0.5310320928802686,12.0
100.0,291879.13017341844,5315356.004646027,0.5310320929605752,12.0
105.0,291883.4415976869,5315358.536763872,0.5310320929576274,12.0
110.0,291887.7530219554,5315361.068881717,0.5314653128851711,12.0
115.0,291892.0622492665,5315363.60473337,0.5322764153353705,12.0
120.0,291896.3695602506,5315366.1438418925,0.5326542975121874,12.0
125.0,291900.6768712347,5315368.682950414,0.5326542975151434,12.0
130.0,291904.9841822188,5315371.222058936,0.5326542975953733,12.0
135.0,291909.2914932029,5315373.761167458,0.5326542975121874,12.0
140.0,291913.59880418703,5315376.30027598,0.5326542975151434,12.0
145.0,291917.9061151711,5315378.839384502,0.5326542975953733,12.0
150.0,291922.2134261552,5315381.378493024,0.5326542975121874,12.0
155.0,291926.52073713933,5315383.917601545,0.5462345148385278,12.0
160.0,291930.75478667446,5315386.57109527,0.5832457188852008,12.0
165.0,291934.8625902745,5315389.421700396,0.6066531590022185,12.0
170.0,291938.9703938745,5315392.272305522,0.6192325643283622,12.0
175.0,291943.0019916132,5315395.223067403,0.6630156927748858,12.0
180.0,291946.84486826684,5315398.4218639,0.6941850469699353,12.0
185.0,291950.68774492055,5315401.620660395,0.7270375942888013,12.0
190.0,291954.3073657229,5315405.060476938,0.7800422338103596,12.0
195.0,291957.7904534544,5315408.647690321,0.8001242864937687,12.0
200.0,291961.273541186,5315412.234903704,0.8021490440932293,12.0
205.0,291964.7415766292,5315415.835678213,0.8394925731779421,12.0
210.0,291967.9473053781,5315419.672773885,0.8748059996773985,12.0
215.0,291971.1530341269,5315423.509869555,0.8748059996773985,12.0
220.0,291974.3587628758,5315427.346965226,0.8748059997371099,12.0
225.0,291977.5644916246,5315431.184060898,0.8748059997371099,12.0
230.0,291980.77022037347,5315435.021156569,0.8748059996773985,12.0
235.0,291983.9759491223,5315438.858252239,0.8748059996773985,12.0
240.0,291987.18167787115,5315442.695347911,0.8748059997371099,12.0
245.0,291990.38740661996,5315446.532443582,0.8748059996773985,12.0
250.0,291993.59313536884,5315450.3695392525,0.8748059996773985,12.0
255.0,291996.79886411765,5315454.206634924,0.8748059997371099,12.0
260.0,292000.0045928665,5315458.043730595,0.8748059996773985,12.0
265.0,292003.21032161533,5315461.880826266,0.8748059996773985,12.0
270.0,292006.4160503642,5315465.717921937,0.874805999732643,12.0
275.0,292009.6217791131,5315469.555017608,0.8748059997371099,12.0
280.0,292012.8275078619,5315473.39211328,0.8748059996773985,12.0
285.0,292016.03323661076,5315477.22920895,0.8748059996773985,12.0
290.0,292019.2389653596,5315481.066304621,0.7843179173643651,12.0
295.0,292023.0827012203,5315484.263459676,0.6933935553811423,12.0
300.0,292026.92947968526,5315487.457562906,0.692964376893636,12.0
305.0,292030.7762581502,5315490.6516661355,0.6929643768973545,12.0
310.0,292034.6230366151,5315493.845769365,0.6929643768257026,12.0
315.0,292038.46981508,5315497.039872594,0.6929643768257026,12.0
320.0,292042.3165935449,5315500.233975824,0.6929643768973545,12.0
325.0,292046.1633720098,5315503.428079054,0.6929643768973545,12.0
330.0,292050.0101504747,5315506.622182284,0.692964376893636,12.0
335.0,292053.8569289397,5315509.816285513,0.37961926205481766,12.0
340.0,292058.8281944364,5315510.140328846,0.05946993158508957,12.0
345.0,292063.82094148465,5315510.40954421,0.0538691227579265,12.0
350.0,292068.81368853286,5315510.678759575,0.0538691227579265,12.0
355.0,292073.8064355811,5315510.947974939,0.050050666177542114,12.0
360.0,292078.79653713986,5315511.178825434,-0.07272177493785582,12.0
365.0,292083.7050761583,5315510.226856577,-0.1915632395161285,12.0
370.0,292088.61361517664,5315509.27488772,-0.1915632395161285,12.0
375.0,292093.52215419506,5315508.322918863,-0.19156323951502024,12.0
380.0,292098.4306932135,5315507.370950006,-0.19156323951502024,12.0
385.0,292103.3392322319,5315506.418981149,-0.25467332419787203,12.0
390.0,292107.98865496804,5315504.882764747,-0.4829239486637508,12.0
395.0,292111.9892141636,5315501.883510486,-0.6433146871084485,12.0
400.0,292115.98977335915,5315498.884256225,-0.6433146871864562,12.0
405.0,292119.9903325547,5315495.885001963,-0.6433146871864562,12.0
410.0,292123.9908917502,5315492.885747702,-0.6433146871119401,12.0
415.0,292127.99145094573,5315489.886493441,-0.784617583132252,12.0
420.0,292130.9673944717,5315485.920127928,-0.9562783510343553,12.0
425.0,292133.73083972035,5315481.753190161,-0.9852088785556846,12.0
430.0,292136.49428496894,5315477.586252393,-0.9852088785556846,12.0
435.0,292139.2577302176,5315473.419314626,-1.1214584081478642,12.0
440.0,292140.7666101589,5315468.726895576,-1.3117479733890391,12.0
445.0,292141.79776509287,5315463.834378893,-1.3630747557068512,12.0
450.0,292142.82892002683,5315458.941862208,-1.3630747557125469,12.0
455.0,292143.86007496074,5315454.049345524,-1.3630747556933402,12.0
460.0,292144.8912298947,5315449.15682884,-1.3630747556876446,12.0
465.0,292145.9223848287,5315444.2643121565,-1.5239574407491052,12.0
470.0,292145.3423813623,5315439.53188826,-1.8380688465966757,12.0
475.0,292143.3686052964,5315434.937956606,-1.9765977384932858,12.0
480.0,292141.39482923056,5315430.344024952,-1.9765977384932858,12.0
485.0,292139.4210531647,5315425.750093298,-1.9765977384986337,12.0
490.0,292137.4472770988,5315421.156161644,-1.9765977384986337,12.0
495.0,292135.4735010329,5315416.56222999,-2.0291001827709363,12.0
500.0,292133.0537776554,5315412.250504588,-2.188394549365347,12.0
505.0,292129.7470527663,5315408.500095208,-2.2934067813772514,12.0
510.0,292126.44032787724,5315404.7496858295,-2.293406781438844,12.0
515.0,292123.13360298815,5315400.999276451,-2.2934067814432098,12.0
520.0,292119.826878099,5315397.248867072,-2.2934067814432098,12.0
525.0,292116.5201532099,5315393.4984576935,-2.293406781438844,12.0
530.0,292113.2134283208,5315389.748048315,-2.293406781438844,12.0
535.0,292109.90670343174,5315385.997638936,-2.293406781438844,12.0
540.0,292106.59997854265,5315382.2472295575,-2.2934067814432098,12.0
545.0,292103.2932536535,5315378.496820179,-2.2934067814432098,12.0
550.0,292099.9865287644,5315374.7464108,-2.293406781438844,12.0
555.0,292096.67980387533,5315370.9960014215,-2.293406781438844,12.0
560.0,292093.37307898625,5315367.245592043,-2.2934067814432098,12.0
565.0,292090.0663540971,5315363.495182664,-2.2934067814432098,12.0
570.0,292086.759629208,5315359.744773285,-2.34254334172959,12.0
575.0,292083.10164048895,5315356.337672506,-2.3938836718290615,12.0
580.0,292079.4279516295,5315352.945916301,-2.3960763599673935,12.0
585.0,292075.7542627701,5315349.554160094,-2.396076359898966,12.0
590.0,292072.0805739107,5315346.162403887,-2.396076359971342,12.0
595.0,292068.4068850512,5315342.770647681,-2.3960763599673935,12.0
600.0,292064.73319619184,5315339.378891475,-2.396076359898966,12.0
605.0,292061.0595073324,5315335.987135268,-2.396076359971342,12.0
610.0,292057.38581847295,5315332.595379062,-2.3960763599673935,12.0
615.0,292053.71212961356,5315329.203622855,-2.396076359898966,12.0
620.0,292050.0384407541,5315325.8118666485,-2.396076359898966,12.0
625.0,292046.3647518947,5315322.420110442,-2.3960763599673935,12.0
630.0,292042.6910630353,5315319.028354236,-2.396076359971342,12.0
635.0,292039.01737417583,5315315.636598029,-2.396076359898966,12.0
640.0,292035.34368531645,5315312.244841822,-2.3960763599673935,12.0
645.0,292031.669996457,5315308.853085617,-2.396076359971342,12.0
650.0,292027.99630759755,5315305.46132941,-2.4231525252655213,12.0
655.0,292024.14913757495,5315302.277509437,-2.473391887963397,12.0
660.0,292020.153940844,5315299.271115736,-2.4964921597686027,12.0
665.0,292016.15874411305,5315296.264722036,-2.496492159843019,12.0
670.0,292012.1635473821,5315293.258328336,-2.4964921597686027,12.0
675.0,292008.16835065116,5315290.251934635,-2.4964921597721026,12.0
680.0,292004.17315392016,5315287.245540936,-2.496492159846519,12.0
685.0,292000.1779571892,5315284.239147236,-2.4964921597686027,12.0
690.0,291996.18276045826,5315281.232753535,-2.4964921597686027,12.0
695.0,291992.1875637273,5315278.226359835,-2.4964921597686027,12.0
700.0,291988.1923669964,5315275.219966134,-2.4964921597721026,12.0
705.0,291984.19717026537,5315272.213572434,-2.496492159846519,12.0
710.0,291980.2019735344,5315269.207178734,-2.4964921597686027,12.0
715.0,291976.2067768035,5315266.200785033,-2.4964921597686027,12.0
720.0,291972.21158007253,5315263.1943913335,-2.496492159843019,12.0
725.0,291968.2163833416,5315260.187997634,-2.4964921597721026,12.0
730.0,291964.2211866106,5315257.181603933,-2.4964921597721026,12.0
735.0,291960.22598987963,5315254.175210233,-2.4964921597686027,12.0
740.0,291956.2307931487,5315251.168816532,-2.4964921597686027,12.0
745.0,291952.23559641774,5315248.162422832,-2.494542296828848,12.0
750.0,291948.25238715165,5315245.140647908,-2.4776158896976823,12.0
755.0,291944.36123182083,5315242.000757752,-2.462640334261106,12.0
760.0,291940.47007649,5315238.860867596,-2.462640334261106,12.0
765.0,291936.5789211592,5315235.7209774405,-2.462640334188628,12.0
770.0,291932.6877658284,5315232.581087284,-2.462640334188628,12.0
775.0,291928.7966104976,5315229.441197128,-2.462640334261106,12.0
780.0,291924.90545516677,5315226.301306972,-2.462640334261106,12.0
785.0,291921.01429983595,5315223.1614168165,-2.462640334188628,12.0
790.0,291917.12314450514,5315220.02152666,-2.462640334188628,12.0
795.0,291913.2319891743,5315216.881636504,-2.462640334261106,12.0
800.0,291909.3408338435,5315213.741746348,-2.462640334261106,12.0
805.0,291905.4496785127,5315210.601856193,-2.412210287672045,12.0
810.0,291901.9555304135,5315207.140718862,-2.198918152293777,12.0
815.0,291899.6965685759,5315202.680103275,-2.0395697494744005,12.0
820.0,291897.43760673836,5315198.2194876885,-2.0395697494744005,12.0
825.0,291895.1786449008,5315193.758872101,-1.9863860766210162,12.0
830.0,291893.43035803054,5315189.138791942,-1.8192718382396642,12.0
835.0,291892.74966194667,5315184.185343361,-1.7073596215590054,12.0
840.0,291892.0689658628,5315179.231894781,-1.7073596215463267,12.0
845.0,291891.3882697789,5315174.278446199,-1.7073596215463267,12.0
850.0,291890.70757369505,5315169.324997619,-1.4615700555332167,12.0
855.0,291892.43397171784,5315164.742827381,-1.1688887898419245,12.0
860.0,291894.5755952838,5315160.224702936,-1.128158328942163,12.0
865.0,291896.7172188498,5315155.70657849,-1.1281583289022723,12.0
870.0,291898.8588424158,5315151.188454046,-1.1281583289022723,12.0
875.0,291901.0004659818,5315146.670329601,-1.0160566813384309,12.0
880.0,291903.95327838487,5315142.966921462,-0.6616662552809753,12.0
885.0,291908.48065293743,5315140.844922484,-0.4382989210769394,12.0
890.0,291913.00802749,5315138.722923506,-0.43829892099508083,12.0
895.0,291917.5354020425,5315136.600924529,-0.43829892099508083,12.0
900.0,291922.06277659506,5315134.478925551,-0.4382989210769394,12.0
905.0,291926.5901511476,5315132.356926573,-0.27099285865330774,12.0
910.0,291931.4189563688,5315131.879523043,-0.010087524120663714,12.0
915.0,291936.4046174165,5315132.25791955,0.07575172877934357,12.0
920.0,291941.39027846424,5315132.636316058,0.07575172887220874,12.0
925.0,291946.3759395119,5315133.0147125665,0.07575172887220874,12.0
930.0,291951.36160055967,5315133.393109075,0.07575172877934357,12.0
935.0,291956.34726160736,5315133.771505582,0.07575172877934357,12.0
940.0,291961.3329226551,5315134.14990209,0.07575172887220874,12.0
945.0,291966.3185837028,5315134.528298599,0.13485986266478708,12.0
950.0,291971.20920645853,5315135.489950134,0.22076846599311595,12.0
955.0,291976.05709274387,5315136.71387765,0.24729845913046766,12.0
960.0,291980.90497902926,5315137.937805166,0.24729845921934174,12.0
965.0,291985.75286531466,5315139.161732682,0.24729845921934174,12.0
970.0,291990.60075160005,5315140.385660198,0.24729845912904283,12.0
975.0,291995.44863788545,5315141.609587713,0.2472984592207666,12.0
980.0,292000.2965241708,5315142.83351523,0.32367592039909737,12.0
985.0,292004.852529113,5315144.76434877,0.46870630884563835,12.0
990.0,292009.151688821,5315147.317234549,0.5358558993356558,12.0
995.0,292013.450848529,5315149.870120329,0.5358558994127619,12.0
1000.0,292017.750008237,5315152.423006109,0.5358558994157339,12.0
1005.0,292022.049167945,5315154.975891889,0.5358558993356558,12.0
1010.0,292026.348327653,5315157.528777668,0.5358558993356558,12.0
1015.0,292030.647487361,5315160.081663448,0.6335526920154565,12.0
1020.0,292034.3657966026,5315163.418171568,0.7356093413852345,12.0
1025.0,292038.0585324895,5315166.789180567,0.739883397474364,12.0
1030.0,292041.7512683764,5315170.160189565,0.739883397474364,12.0
1035.0,292045.4440042633,5315173.531198564,0.739883397474364,12.0
1040.0,292049.1367401502,5315176.902207563,0.739883397474364,12.0
1045.0,292052.8294760371,5315180.273216561,0.739883397474364,12.0
1050.0,292056.522211924,5315183.64422556,0.739883397474364,12.0
1055.0,292060.2149478109,5315187.015234559,0.7398833974782884,12.0
1060.0,292063.90768369776,5315190.386243558,0.7398833974782884,12.0
1065.0,292067.60041958466,5315193.757252556,0.739883397474364,12.0
1070.0,292071.29315547156,5315197.128261555,0.739883397474364,12.0
1075.0,292074.98589135846,5315200.499270554,0.739883397474364,12.0
1080.0,292078.67862724536,5315203.870279552,0.739883397474364,12.0
1085.0,292082.37136313226,5315207.241288551,0.739883397474364,12.0
1090.0,292086.06409901916,5315210.61229755,0.739883397474364,12.0
1095.0,292089.75683490606,5315213.983306549,0.739883397474364,12.0
1100.0,292093.44957079296,5315217.354315547,0.739883397474364,12.0
1105.0,292097.14230667986,5315220.725324546,0.739883397474364,12.0
1110.0,292100.83504256676,5315224.096333545,0.739883397474364,12.0
1115.0,292104.52777845366,5315227.467342543,0.739883397474364,12.0
1120.0,292108.22051434056,5315230.838351542,0.739883397474364,12.0
1125.0,292111.91325022746,5315234.209360541,0.739883397474364,12.0
1130.0,292115.60598611436,5315237.58036954,0.7398833974782884,12.0
1135.0,292119.2987220012,5315240.951378538,0.7398833974782884,12.0
1140.0,292122.9914578881,5315244.322387537,0.7398833975431466,12.0
1145.0,292126.684193775,5315247.693396537,0.7398833975431466,12.0
1150.0,292130.3769296619,5315251.064405535,0.739883397474364,12.0
1155.0,292134.0696655488,5315254.435414534,0.739883397474364,12.0
1160.0,292137.7624014357,5315257.806423533,0.739883397474364,12.0
1165.0,292141.4551373226,5315261.1774325315,0.739883397474364,12.0
1170.0,292145.1478732095,5315264.54844153,0.739883397474364,12.0
1175.0,292148.8406090964,5315267.919450529,0.739883397474364,12.0
1180.0,292152.5333449833,5315271.290459528,0.739883397474364,12.0
1185.0,292156.2260808702,5315274.661468526,0.739883397474364,12.0
1190.0,292159.9188167571,5315278.032477525,0.739883397474364,12.0
1195.0,292163.611552644,5315281.403486524,0.739883397474364,12.0
1200.0,292167.3042885309,5315284.7744955225,0.7398833974782884,12.0
1205.0,292170.99702441774,5315288.145504521,0.7398833974782884,12.0
1210.0,292174.68976030464,5315291.51651352,0.739883397474364,12.0
1215.0,292178.38249619154,5315294.887522519,0.739883397474364,12.0
1220.0,292182.07523207844,5315298.258531517,0.739883397474364,12.0
1225.0,292185.76796796534,5315301.629540516,0.739883397474364,12.0
1230.0,292189.46070385224,5315305.000549515,0.739883397474364,12.0
1235.0,292193.15343973914,5315308.3715585135,0.739883397474364,12.0
1240.0,292196.84617562604,5315311.742567512,0.739883397474364,12.0
1245.0,292200.53891151294,5315315.113576511,0.7550444331717979,12.0
1250.0,292204.1234417673,5315318.590936215,0.8092364603734532,12.0
1255.0,292207.430101216,5315322.341403291,0.8482033208987149,12.0
1260.0,292210.7367606648,5315326.0918703675,0.8482033208987149,12.0
1265.0,292214.0434201135,5315329.8423374435,0.8482033208414896,12.0
1270.0,292217.3500795622,5315333.592804519,0.8482033208987149,12.0
1275.0,292220.656739011,5315337.343271596,0.8482033208987149,12.0
1280.0,292223.9633984597,5315341.093738672,0.8482033208414896,12.0
1285.0,292227.27005790843,5315344.844205748,0.8482033208371236,12.0
1290.0,292230.5767173572,5315348.594672824,0.8482033208987149,12.0
1295.0,292233.8833768059,5315352.345139901,0.8482033209030809,12.0
1300.0,292237.19003625464,5315356.095606977,0.8482033208371236,12.0
1305.0,292240.4966957034,5315359.846074053,0.8482033208987149,12.0
1310.0,292243.80335515214,5315363.59654113,0.8482033209030809,12.0
1315.0,292247.11001460085,5315367.347008206,0.8482033208414896,12.0
1320.0,292250.4166740496,5315371.097475282,0.8214871332053792,12.0
1325.0,292253.91839242127,5315374.665429086,0.791894641738264,12.0
1330.0,292257.44108781667,5315378.213755051,0.789022881212932,12.0
1335.0,292260.963783212,5315381.762081016,0.7890228812170628,12.0
1340.0,292264.48647860734,5315385.31040698,0.7890228812170628,12.0
1345.0,292268.0091740027,5315388.858732945,0.7890228812170628,12.0
1350.0,292271.531869398,5315392.40705891,0.789022881212932,12.0
1355.0,292275.0545647934,5315395.955384875,0.789022881212932,12.0
1360.0,292278.57726018876,5315399.503710839,0.7890228812170628,12.0
1365.0,292282.0999555841,5315403.052036804,0.7890228812170628,12.0
1370.0,292285.62265097944,5315406.600362768,0.7890228812170628,12.0
1375.0,292289.1453463748,5315410.148688734,0.789022881212932,12.0
1380.0,292292.6680417702,5315413.697014698,0.5543789624928044,12.0
1385.0,292297.2886909287,5315415.190611825,0.2516835108207059,12.0
1390.0,292302.1963539402,5315416.147086481,0.19248127235279755,12.0
1395.0,292307.10401695163,5315417.103561136,0.19248127235279755,12.0
1400.0,292312.0116799631,5315418.060035791,0.19248127235279755,12.0
1405.0,292316.91934297455,5315419.016510447,-0.20752293509760056,12.0
1410.0,292320.8087049842,5315416.207785152,-0.6740788028306971,12.0
1415.0,292324.56527631823,5315412.908062162,-0.7207450184648677,12.0
1420.0,292328.3218476523,5315409.608339171,-0.7207450184648677,12.0
1425.0,292332.07841898635,5315406.308616181,-0.7207450183948961,12.0
1430.0,292335.83499032044,5315403.008893191,-0.7207450183948961,12.0
1435.0,292339.59156165447,5315399.709170201,-0.7912914465774855,12.0
1440.0,292342.8431502222,5315395.917640496,-0.8692024971372304,12.0
1445.0,292346.0424252511,5315392.075162222,-0.8764867487799397,12.0
1450.0,292349.24170027993,5315388.232683947,-0.9601062334640471,12.0
1455.0,292351.66850386676,5315384.0372933475,-1.230042040942624,12.0
1460.0,292352.4788176579,5315379.103391083,-1.420766404731415,12.0
1465.0,292353.1586056631,5315374.1798946345,-1.6638376653187608,12.0
1470.0,292351.57681117737,5315369.436696746,-1.8926851087179206,12.0
1475.0,292349.9950166916,5315364.693498858,-1.8926851087179206,12.0
1480.0,292348.4132222059,5315359.95030097,-1.9663604379326374,12.0
1485.0,292346.1930886037,5315355.588701342,-2.185603730948073,12.0
1490.0,292342.764061522,5315351.949776601,-2.3265061174890596,12.0
1495.0,292339.3350344403,5315348.31085186,-2.3265061174890596,12.0
1500.0,292335.9060073586,5315344.671927119,-2.326506117429425,12.0
1505.0,292332.4769802768,5315341.033002377,-2.326506117429425,12.0
1510.0,292329.0479531951,5315337.394077635,-2.3265061174890596,12.0
1515.0,292325.6189261134,5315333.755152894,-2.3265061174890596,12.0
1520.0,292322.1898990317,5315330.116228153,-2.3265061174890596,12.0
1525.0,292318.76087195,5315326.477303412,-2.3265061174890596,12.0
1530.0,292315.3318448683,5315322.838378671,-2.3265061174890596,12.0
1535.0,292311.9028177866,5315319.199453929,-2.3265061174890596,12.0
1540.0,292308.4737907049,5315315.560529188,-2.326506117425189,12.0
1545.0,292305.0447636232,5315311.921604446,-2.326506117429425,12.0
1550.0,292301.61573654145,5315308.282679705,-2.3265061174932957,12.0
1555.0,292298.18670945975,5315304.643754964,-2.3265061174890596,12.0
1560.0,292294.75768237805,5315301.004830223,-2.3265061174890596,12.0
1565.0,292291.32865529635,5315297.365905481,-2.3265061174890596,12.0
1570.0,292287.89962821465,5315293.72698074,-2.3265061174890596,12.0
1575.0,292284.47060113295,5315290.088055999,-2.326506117425189,12.0
1580.0,292281.04157405125,5315286.449131257,-2.326506117425189,12.0
1585.0,292277.61254696955,5315282.810206516,-2.3265061174890596,12.0
1590.0,292274.18351988785,5315279.1712817745,-2.3265061174890596,12.0
1595.0,292270.75449280615,5315275.532357033,-2.3265061174932957,12.0
1600.0,292267.3254657244,5315271.893432292,-2.3265061174932957,12.0
1605.0,292263.8964386427,5315268.254507551,-2.3265061174890596,12.0
1610.0,292260.467411561,5315264.61558281,-2.3265061174890596,12.0
1615.0,292257.0383844793,5315260.976658069,-2.326506117425189,12.0
1620.0,292253.6093573976,5315257.3377333265,-2.326506117425189,12.0
1625.0,292250.1803303159,5315253.698808585,-2.3265061174890596,12.0
1630.0,292246.7513032342,5315250.059883844,-2.3265061174890596,12.0
1635.0,292243.3222761525,5315246.420959103,-2.3265061174890596,12.0
1640.0,292239.8932490708,5315242.782034362,-2.3265061174932957,12.0
1645.0,292236.46422198904,5315239.143109621,-2.3265061174932957,12.0
1650.0,292233.03519490734,5315235.504184879,-2.326506117425189,12.0
1655.0,292229.60616782564,5315231.865260137,-2.326506117425189,12.0
1660.0,292226.17714074394,5315228.226335396,-2.3265061174890596,12.0
1665.0,292222.74811366224,5315224.587410655,-2.3265061174890596,12.0
1670.0,292219.31908658054,5315220.948485914,-2.3265061174890596,12.0
1675.0,292215.89005949884,5315217.3095611725,-2.3265061174890596,12.0
1680.0,292212.46103241714,5315213.670636431,-2.3265061174890596,12.0
1685.0,292209.03200533544,5315210.03171169,-2.3265061174932957,12.0
1690.0,292205.6029782537,5315206.392786949,-2.326506117429425,12.0
1695.0,292202.173951172,5315202.753862207,-2.326506117425189,12.0
1700.0,292198.7449240903,5315199.114937466,-2.3265061174890596,12.0
1705.0,292195.3158970086,5315195.476012724,-2.3265061174890596,12.0
1710.0,292191.8868699269,5315191.837087983,-2.3265061174890596,12.0
1715.0,292188.4578428452,5315188.198163242,-2.3265061174890596,12.0
1720.0,292185.0288157635,5315184.559238501,-2.3265061174890596,12.0
1725.0,292181.5997886818,5315180.92031376,-2.326506117425189,12.0
1730.0,292178.1707616001,5315177.281389018,-2.326506117429425,12.0
1735.0,292174.7417345183,5315173.642464276,-2.3265061174932957,12.0
1740.0,292171.3127074366,5315170.003539535,-2.3265061174890596,12.0
1745.0,292167.8836803549,5315166.364614794,-2.3265061174890596,12.0
1750.0,292164.4546532732,5315162.725690053,-2.3265061174890596,12.0
1755.0,292161.0256261915,5315159.086765312,-2.3265061174890596,12.0
1760.0,292157.5965991098,5315155.4478405705,-2.3265061174890596,12.0
1765.0,292154.1675720281,5315151.808915829,-2.326506117425189,12.0
1770.0,292150.7385449464,5315148.169991087,-2.326506117425189,12.0
1775.0,292147.3095178647,5315144.531066346,-2.3265061174932957,12.0
1780.0,292143.88049078296,5315140.892141605,-2.3265061174932957,12.0
1785.0,292140.45146370126,5315137.253216864,-2.3265061174890596,12.0
1790.0,292137.02243661956,5315133.614292122,-2.3265061174890596,12.0
1795.0,292133.59340953786,5315129.975367381,-2.3265061174890596,12.0
1800.0,292130.16438245616,5315126.33644264,-2.326506117425189,12.0
1805.0,292126.73535537446,5315122.697517898,-2.326506117425189,12.0
1810.0,292123.30632829276,5315119.058593157,-2.3265061174890596,12.0
1815.0,292119.87730121106,5315115.419668416,-2.3265061174890596,12.0
1820.0,292116.44827412936,5315111.780743674,-2.3265061174932957,12.0
1825.0,292113.0192470476,5315108.141818933,-2.314451345191497,12.0
1830.0,292109.68019606423,5315104.422652125,-2.2870112198064336,12.0
1835.0,292106.45589751494,5315100.601147335,-2.2716360422537365,12.0
1840.0,292103.23159896565,5315096.779642544,-2.2716360422537365,12.0
1845.0,292100.00730041636,5315092.958137753,-2.271636042309345,12.0
1850.0,292096.7830018671,5315089.136632963,-2.2716360422492876,12.0
1855.0,292093.55870331783,5315085.315128172,-2.2716360422537365,12.0
1860.0,292090.33440476854,5315081.4936233815,-2.271636042313794,12.0
1865.0,292087.11010621925,5315077.672118591,-2.2716360422537365,12.0
1870.0,292083.88580766995,5315073.8506138,-2.2716360422537365,12.0
1875.0,292080.66150912066,5315070.02910901,-2.271636042309345,12.0
1880.0,292077.4372105714,5315066.207604219,-2.2716360422492876,12.0
1885.0,292074.21291202214,5315062.386099428,-2.2716360422537365,12.0
1890.0,292070.98861347284,5315058.564594638,-2.271636042313794,12.0
1895.0,292067.76431492355,5315054.743089847,-2.2716360422537365,12.0
1900.0,292064.54001637426,5315050.921585056,-2.2716360422537365,12.0
1905.0,292061.31571782497,5315047.100080266,-2.2716360422492876,12.0
1910.0,292058.09141927573,5315043.278575474,-2.2716360422492876,12.0
1915.0,292054.86712072644,5315039.457070684,-2.271636042313794,12.0
1920.0,292051.64282217715,5315035.635565894,-2.2716360422537365,12.0
1925.0,292048.41852362786,5315031.814061102,-2.2716360422537365,12.0
1930.0,292045.19422507857,5315027.992556312,-2.271636042313794,12.0
1935.0,292041.9699265293,5315024.171051522,-2.2716360422537365,12.0
1940.0,292038.74562798,5315020.3495467305,-2.2716360422492876,12.0
1945.0,292035.52132943075,5315016.52804194,-2.271636042309345,12.0
1950.0,292032.29703088145,5315012.70653715,-2.2716360422537365,12.0
1955.0,292029.07273233216,5315008.885032359,-2.2716360422537365,12.0
1960.0,292025.84843378287,5315005.063527568,-2.271636042313794,12.0
1965.0,292022.6241352336,5315001.242022778,-2.2716360422537365,12.0
1970.0,292019.3998366843,5314997.420517987,-2.2716360422492876,12.0
1975.0,292016.17553813505,5314993.599013196,-2.271636042309345,12.0
1980.0,292012.95123958576,5314989.777508406,-2.2716360422537365,12.0
1985.0,292009.72694103647,5314985.956003615,-2.2716360422537365,12.0
1990.0,292006.5026424872,5314982.134498824,-2.2716360422537365,12.0
1995.0,292003.2783439379,5314978.312994033,-2.2716360422537365,12.0
2000.0,292000.0540453886,5314974.491489243,-2.271636042309345,12.0
2005.0,291996.82974683936,5314970.669984452,-2.2716360422492876,12.0
2010.0,291993.60544829007,5314966.848479661,-2.2716360422537365,12.0
2015.0,291990.3811497408,5314963.026974871,-2.271636042313794,12.0
2020.0,291987.1568511915,5314959.2054700805,-2.2716360422537365,12.0
2025.0,291983.9325526422,5314955.383965289,-2.2716360422537365,12.0
2030.0,291980.7082540929,5314951.562460499,-2.271636042309345,12.0
2035.0,291977.48395554366,5314947.740955709,-2.2716360422492876,12.0
2040.0,291974.25965699437,5314943.919450917,-2.2716360422537365,12.0
2045.0,291971.0353584451,5314940.097946127,-2.271636042313794,12.0
2050.0,291967.8110598958,5314936.276441337,-2.2716360422537365,12.0
2055.0,291964.5867613465,5314932.454936545,-2.2716360422537365,12.0
2060.0,291961.3624627972,5314928.633431755,-2.2716360422537365,12.0
2065.0,291958.1381642479,5314924.811926964,-2.2752421379783594,12.0
2070.0,291954.8863911918,5314921.013778939,-2.27896906371824,12.0
2075.0,291951.63369756046,5314917.216413518,-2.2790898903646415,12.0
2080.0,291948.3810039291,5314913.419048097,-2.2790898903646415,12.0
2085.0,291945.1283102978,5314909.6216826765,-2.2790898903646415,12.0
2090.0,291941.87561666645,5314905.824317255,-2.2790898903646415,12.0
2095.0,291938.6229230351,5314902.026951835,-2.2790898903646415,12.0
2100.0,291935.3702294038,5314898.229586413,-2.2790898903040553,12.0
2105.0,291932.11753577244,5314894.432220992,-2.2790898903646415,12.0
2110.0,291928.8648421411,5314890.634855571,-2.2790898903646415,12.0
2115.0,291925.61214850977,5314886.83749015,-2.2790898903646415,12.0
2120.0,291922.35945487843,5314883.040124729,-2.2790898903646415,12.0
2125.0,291919.1067612471,5314879.242759308,-2.2790898903646415,12.0
2130.0,291915.85406761576,5314875.445393887,-2.2790898903646415,12.0
2135.0,291912.6013739844,5314871.648028466,-2.2790898903646415,12.0
2140.0,291909.3486803531,5314867.850663045,-2.2790898903646415,12.0
2145.0,291906.09598672175,5314864.053297624,-2.2790898903040553,12.0
2150.0,291902.8432930904,5314860.255932203,-2.2790898903646415,12.0
2155.0,291899.5905994591,5314856.458566782,-2.189786224718258,12.0
2160.0,291897.11290570284,5314852.211987041,-2.00525636108532,12.0
2165.0,291895.4345274144,5314847.502098898,-1.9131187410580062,12.0
2170.0,291893.75614912587,5314842.792210755,-1.9131187410580062,12.0
2175.0,291892.0777708374,5314838.082322612,-1.863642090652793,12.0
2180.0,291890.87927586393,5314833.25080487,-1.7693408457842912,12.0
2185.0,291890.1116430575,5314828.310082263,-1.724932490210349,12.0
2190.0,291889.344010251,5314823.369359657,-1.7249324902303989,12.0
2195.0,291888.5763774445,5314818.428637051,-1.5365985481742588,12.0
2200.0,291889.6750215934,5314813.693810316,-1.2688152374767308,12.0
2205.0,291891.50124776055,5314809.039253625,-1.196900103622159,12.0
2210.0,291893.3274739277,5314804.384696934,-1.1969001036167404,12.0
2215.0,291895.1537000949,5314799.730140244,-1.1231887249357275,12.0
2220.0,291897.6278214474,5314795.427651586,-0.998861889415925,12.0
2225.0,291900.5396340968,5314791.363005587,-0.9491644571039289,12.0
2230.0,291903.4514467462,5314787.298359589,-0.9491644571039289,12.0
2235.0,291906.3632593956,5314783.23371359,-0.9491644570991971,12.0
2240.0,291909.27507204504,5314779.169067591,-0.9491644570991971,12.0
2245.0,291912.18688469444,5314775.104421592,-1.1466767919007113,12.0
2250.0,291913.3062523843,5314770.241100558,-1.3493331407779021,12.0
2255.0,291914.38134147256,5314765.358049928,-1.3540862526214419,12.0
2260.0,291915.45643056073,5314760.474999298,-1.3540862526214419,12.0
2265.0,291916.53151964897,5314755.5919486685,-1.3540862525957322,12.0
2270.0,291917.6066087372,5314750.70889804,-1.354894409032327,12.0
2275.0,291918.67336507415,5314745.826116893,-1.6039856810282815,12.0
2280.0,291917.285013145,5314741.022734865,-1.8521646103731804,12.0
2285.0,291915.8966612159,5314736.219352835,-1.8521646103473204,12.0
2290.0,291914.5083092868,5314731.415970805,-1.8521646103787723,12.0
2295.0,291913.11995735765,5314726.612588776,-1.8521646103731804,12.0
2300.0,291911.73160542856,5314721.8092067465,-1.8521646103473204,12.0
2305.0,291910.3432534994,5314717.005824717,-1.8521646103787723,12.0
2310.0,291908.9549015703,5314712.202442688,-1.8521646103731804,12.0
2315.0,291907.5665496412,5314707.399060658,-1.8521646103473204,12.0
2320.0,291906.17819771206,5314702.595678628,-1.8521646103529121,12.0
2325.0,291904.7898457829,5314697.792296599,-1.8521646103731804,12.0
2330.0,291903.40149385383,5314692.98891457,-1.8597678982095576,12.0
2335.0,291901.9406278467,5314688.208428861,-1.8842457385962614,12.0
2340.0,291900.3189100758,5314683.478732098,-1.9011140103920388,12.0
2345.0,291898.69719230494,5314678.749035334,-1.9011140103865327,12.0
2350.0,291897.0754745341,5314674.0193385715,-1.9011140103865327,12.0
2355.0,291895.45375676325,5314669.289641808,-1.9011140103920388,12.0
2360.0,291893.8320389924,5314664.559945045,-1.9011140103920388,12.0
2365.0,291892.2103212215,5314659.830248281,-1.9011140103865327,12.0
2370.0,291890.5886034507,5314655.100551519,-1.9011140103865327,12.0
2375.0,291888.9668856798,5314650.370854755,-1.9011140103920388,12.0
2380.0,291887.34516790893,5314645.641157992,-1.9011140104222455,12.0
2385.0,291885.72345013806,5314640.911461229,-1.9011140103920388,12.0
2390.0,291884.1017323672,5314636.181764466,-1.9011140103865327,12.0
2395.0,291882.48001459637,5314631.452067703,-1.9011140103865327,12.0
2400.0,291880.8582968255,5314626.722370939,-1.9011140103920388,12.0
2405.0,291879.2365790546,5314621.992674177,-1.9011140103920388,12.0
2410.0,291877.61486128374,5314617.262977413,-1.9011140103865327,12.0
2415.0,291875.9931435129,5314612.53328065,-1.9011140103865327,12.0
2420.0,291874.37142574205,5314607.8035838865,-1.9011140103920388,12.0
2425.0,291872.7497079712,5314603.073887124,-1.9011140103920388,12.0
2430.0,291871.1279902003,5314598.34419036,-1.9011140103920388,12.0
2435.0,291869.5062724294,5314593.614493597,-1.9011140103865327,12.0
2440.0,291867.8845546586,5314588.884796834,-1.9011140103865327,12.0
2445.0,291866.26283688773,5314584.155100071,-1.9011140103920388,12.0
2450.0,291864.64111911686,5314579.425403307,-1.9011140103920388,12.0
2455.0,291863.019401346,5314574.695706544,-1.9011140104167394,12.0
2460.0,291861.39768357517,5314569.966009782,-1.9011140103865327,12.0
2465.0,291859.7759658043,5314565.236313018,-1.9011140103920388,12.0
2470.0,291858.1542480334,5314560.506616255,-1.9011140103920388,12.0
2475.0,291856.53253026254,5314555.776919492,-1.9011140103920388,12.0
2480.0,291854.91081249167,5314551.047222729,-1.9011140103865327,12.0
2485.0,291853.28909472085,5314546.317525965,-1.9011140103865327,12.0
2490.0,291851.66737695,5314541.587829202,-1.9011140103920388,12.0
2495.0,291850.0456591791,5314536.858132439,-1.9011140103920388,12.0
2500.0,291848.4239414082,5314532.128435676,-1.9011140103865327,12.0
2505.0,291846.8022236374,5314527.398738912,-1.9011140103865327,12.0
2510.0,291845.18050586653,5314522.66904215,-1.9011140103920388,12.0
2515.0,291843.55878809566,5314517.939345386,-1.9011140103920388,12.0
2520.0,291841.9370703248,5314513.209648623,-1.9011140103920388,12.0
2525.0,291840.3153525539,5314508.479951859,-1.9011140103865327,12.0
2530.0,291838.6936347831,5314503.750255097,-1.9011140104167394,12.0
2535.0,291837.0719170122,5314499.020558334,-1.9011140103920388,12.0
2540.0,291835.45019924134,5314494.29086157,-1.9011140103920388,12.0
2545.0,291833.82848147047,5314489.5611648075,-1.9011140103920388,12.0
2550.0,291832.2067636996,5314484.831468044,-1.9011140103865327,12.0
2555.0,291830.5850459288,5314480.101771281,-1.9011140103865327,12.0
2560.0,291828.9633281579,5314475.372074517,-1.9011140103920388,12.0
2565.0,291827.341610387,5314470.642377755,-1.9011140103920388,12.0
2570.0,291825.71989261615,5314465.912680991,-2.0763047224680284,12.0
2575.0,291822.5893389054,5314462.056156988,-2.2712474853995963,12.0
2580.0,291819.29650499916,5314458.293545546,-2.2897089434258593,12.0
2585.0,291816.0036710929,5314454.530934104,-2.2897089434258593,12.0
2590.0,291812.71083718666,5314450.7683226615,-2.2897089434214792,12.0
2595.0,291809.4180032805,5314447.005711219,-2.4368184183299424,12.0
2600.0,291805.3856471502,5314444.538375191,-2.7793526824322665,12.0
2605.0,291800.4715823398,5314443.615354585,-2.9559236082940505,12.0
2610.0,291795.5575175293,5314442.6923339795,-2.9559236082951252,12.0
2615.0,291790.6434527188,5314441.769313374,-2.955923608385582,12.0
2620.0,291785.72938790836,5314440.846292769,-3.009207231571685,12.0
2625.0,291780.7874354469,5314440.456843992,3.1399539084879535,12.0
2630.0,291775.8039230239,5314440.86255809,3.060360526209099,12.0
2635.0,291770.8204106009,5314441.2682721885,3.060360526115802,12.0
2640.0,291765.836898178,5314441.673986288,3.060360526115802,12.0
2645.0,291760.853385755,5314442.079700386,2.9183910071805177,12.0
2650.0,291756.42193430715,5314443.811028572,2.59716228027216,12.0
2655.0,291752.62358949735,5314447.062578465,2.433600243780891,12.0
2660.0,291748.8252446876,5314450.314128358,2.433600243780891,12.0
2665.0,291745.0268998778,5314453.565678251,2.433600243780891,12.0
2670.0,291741.2285550681,5314456.817228144,2.433600243851641,12.0
2675.0,291737.4302102583,5314460.068778036,2.433600243851641,12.0
2680.0,291733.63186544855,5314463.320327929,2.433600243780891,12.0
2685.0,291729.83352063876,5314466.571877822,2.433600243780891,12.0
2690.0,291726.035175829,5314469.823427715,2.433600243780891,12.0
2695.0,291722.2368310192,5314473.074977608,2.433600243784676,12.0
2700.0,291718.43848620943,5314476.326527501,2.433600243851641,12.0
2705.0,291714.6401413997,5314479.578077394,2.433600243851641,12.0
2710.0,291710.8417965899,5314482.829627287,2.433600243780891,12.0
2715.0,291707.04345178016,5314486.08117718,2.5080320601661974,12.0
2720.0,291702.84487457335,5314488.704025304,2.649829238443587,12.0
2725.0,291698.29134070745,5314490.76929268,2.7157882676157166,12.0
2730.0,291693.73780684156,5314492.834560054,2.7157882676133123,12.0
2735.0,291689.1842729757,5314494.89982743,2.715788267528496,12.0
2740.0,291684.6307391098,5314496.965094806,2.904189053821061,12.0
2745.0,291679.7004956626,5314497.194584355,3.129062288472979,12.0
2750.0,291674.7015996981,5314497.08951706,-3.1205776478083753,12.0
2755.0,291669.70270373364,5314496.984449765,-3.1205776478083753,12.0
2760.0,291664.70380776917,5314496.87938247,-3.0052957621051113,12.0
2765.0,291659.8674710189,5314495.6355751455,-2.884438950695516,12.0
2770.0,291655.0388485025,5314494.33772901,-2.879016539193401,12.0
2775.0,291650.2102259861,5314493.039882873,-2.879016539103461,12.0
2780.0,291645.38160346966,5314491.742036737,-2.7614170497541752,12.0
2785.0,291641.1744491999,5314489.429038701,-2.468792608586286,12.0
2790.0,291637.8226267371,5314485.718878842,-2.3054962140369155,12.0
2795.0,291634.4708042744,5314482.008718983,-2.3054962140369155,12.0
2800.0,291631.11898181157,5314478.298559125,-2.3054962139788024,12.0
2805.0,291627.76715934876,5314474.588399265,-2.3054962139744832,12.0
2810.0,291624.415336886,5314470.878239406,-2.3054962140369155,12.0
2815.0,291621.0635144232,5314467.168079548,-2.213765007888136,12.0
2820.0,291618.5078982645,5314462.99291147,-2.0054686757886513,12.0
2825.0,291616.9232618453,5314458.250662276,-1.8932843284262746,12.0
2830.0,291615.3386254261,5314453.508413082,-1.893284328420754,12.0
2835.0,291613.753989007,5314448.766163887,-1.8932843283912377,12.0
2840.0,291612.1693525878,5314444.023914693,-1.8932843284262746,12.0
2845.0,291610.5847161686,5314439.281665499,-1.8932843284262746,12.0
2850.0,291609.0000797494,5314434.539416305,-1.8932843284262746,12.0
2855.0,291607.4154433302,5314429.797167111,-1.8932843284262746,12.0
2860.0,291605.830806911,5314425.054917917,-1.893284328420754,12.0
2865.0,291604.24617049185,5314420.312668723,-1.893284328420754,12.0
2870.0,291602.66153407266,5314415.5704195285,-1.8932843284262746,12.0
2875.0,291601.07689765346,5314410.828170335,-1.8932843284262746,12.0
2880.0,291599.49226123426,5314406.08592114,-1.8932843284262746,12.0
2885.0,291597.90762481507,5314401.343671947,-1.893284328420754,12.0
2890.0,291596.3229883959,5314396.601422752,-1.8932843283912377,12.0
2895.0,291594.73835197673,5314391.859173558,-1.8932843284262746,12.0
2900.0,291593.15371555754,5314387.116924364,-1.8932843284262746,12.0
2905.0,291591.56907913834,5314382.37467517,-1.8932843284262746,12.0
2910.0,291589.98444271914,5314377.632425976,-1.893284328420754,12.0
2915.0,291588.3998063,5314372.890176781,-1.893284328420754,12.0
2920.0,291586.8151698808,5314368.147927588,-1.8882174394853322,12.0
2925.0,291585.2786889404,5314363.389918711,-1.882010053381973,12.0
2930.0,291583.7530467262,5314358.62836268,-1.8808696279880985,12.0
2935.0,291582.22740451206,5314353.866806649,-1.8808696280165158,12.0
2940.0,291580.7017622979,5314349.105250618,-1.8808696280109727,12.0
2945.0,291579.1761200838,5314344.343694587,-1.8808696280109727,12.0
2950.0,291577.6504778696,5314339.582138557,-1.8808696280165158,12.0
2955.0,291576.12483565544,5314334.820582526,-1.8808696280165158,12.0
2960.0,291574.5991934413,5314330.059026496,-1.8808696280165158,12.0
2965.0,291573.0735512271,5314325.297470464,-1.8808696279880985,12.0
2970.0,291571.54790901294,5314320.535914433,-1.8808696280109727,12.0
2975.0,291570.0222667988,5314315.774358403,-1.8808696280109727,12.0
2980.0,291568.49662458466,5314311.012802372,-1.9163756591903145,12.0
2985.0,291566.6754226601,5314306.478261953,-2.265352689172814,12.0
2990.0,291562.4683914717,5314303.776246302,-2.5706765029552754,12.0
2995.0,291558.2613602833,5314301.07423065,-2.718376942151134,12.0
3000.0,291553.8120643664,5314299.877132583,3.13641485394266,12.0
3005.0,291548.96960077493,5314301.1223419495,2.8899018213157817,12.0
3010.0,291544.1271371834,5314302.367551316,2.8899018214059797,12.0
3015.0,291539.2846735919,5314303.612760681,2.8899018214059797,12.0
3020.0,291534.44221000036,5314304.857970047,2.8899018213157817,12.0
3025.0,291529.5997464089,5314306.103179413,2.889901821314332,12.0
3030.0,291524.7572828174,5314307.348388779,2.8899018213157817,12.0
3035.0,291519.91481922584,5314308.593598145,2.8899018214059797,12.0
3040.0,291515.07235563436,5314309.83880751,2.88990182140453,12.0
3045.0,291510.2298920429,5314311.084016876,2.8899018213157817,12.0
3050.0,291505.38742845133,5314312.329226242,2.7497100596303974,12.0
3055.0,291501.082346289,5314314.864307034,2.6065955992247614,12.0
3060.0,291496.7881719384,5314317.425569739,2.603787121440261,12.0
3065.0,291492.49399758776,5314319.986832445,2.3196776243575083,12.0
3070.0,291490.45480504667,5314324.239238685,1.9185165379387306,12.0
3075.0,291489.1986166651,5314329.078865814,1.7177217673443455,12.0
3080.0,291489.0082132141,5314334.014044072,1.5521619424407467,12.0
3085.0,291489.38351116347,5314338.999939322,1.495666077404287,12.0
3090.0,291489.7588091128,5314343.985834572,1.4956660774170816,12.0
3095.0,291490.1341070621,5314348.971729823,1.4956660774100912,12.0
3100.0,291490.5094050115,5314353.957625073,1.495666077404287,12.0
3105.0,291490.88470296084,5314358.943520324,1.495666077404287,12.0
3110.0,291491.2600009102,5314363.929415574,1.495666077404287,12.0
3115.0,291491.63529885956,5314368.915310825,1.495666077404287,12.0
3120.0,291492.0105968089,5314373.901206075,1.495666077404287,12.0
3125.0,291492.3858947583,5314378.887101326,1.4956660774112773,12.0
3130.0,291492.76119270764,5314383.872996577,1.4956660774100912,12.0
3135.0,291493.13649065694,5314388.858891827,1.4956660774100912,12.0
3140.0,291493.5117886063,5314393.844787078,1.495666077404287,12.0
3145.0,291493.88708655565,5314398.830682328,1.495666077404287,12.0
3150.0,291494.262384505,5314403.816577579,1.4956046000230017,12.0
3155.0,291494.63829548436,5314408.802426557,1.495396511964131,12.0
3160.0,291495.0156684116,5314413.788165186,1.4952499013030969,12.0
3165.0,291495.39304133883,5314418.773903814,1.4952499013159302,12.0
3170.0,291495.77041426604,5314423.759642444,1.4952499013159302,12.0
3175.0,291496.14778719324,5314428.745381072,1.4952499013030969,12.0
3180.0,291496.5251601205,5314433.731119701,1.4952499013030969,12.0
3185.0,291496.9025330477,5314438.716858329,1.4952499013089011,12.0
3190.0,291497.2799059749,5314443.702596958,1.4952499013089011,12.0
3195.0,291497.65727890213,5314448.688335586,1.495249901310126,12.0
3200.0,291498.0346518294,5314453.674074216,1.495249901310126,12.0
3205.0,291498.4120247566,5314458.659812844,1.4952499013089011,12.0
3210.0,291498.7893976838,5314463.645551473,1.4952499013089011,12.0
3215.0,291499.166770611,5314468.631290101,1.4952499013030969,12.0
3220.0,291499.5441435383,5314473.61702873,1.495249901310126,12.0
3225.0,291499.9215164655,5314478.602767359,1.4952499013159302,12.0
3230.0,291500.2988893927,5314483.588505988,1.4952499013030969,12.0
3235.0,291500.67626231996,5314488.574244617,1.4952499013030969,12.0
3240.0,291501.05363524717,5314493.559983245,1.4952499013089011,12.0
3245.0,291501.4310081744,5314498.545721874,1.4952499013089011,12.0
3250.0,291501.8083811016,5314503.531460502,1.495249901310126,12.0
3255.0,291502.18575402885,5314508.517199132,1.495249901310126,12.0
3260.0,291502.56312695605,5314513.50293776,1.4952499013089011,12.0
3265.0,291502.94049988326,5314518.488676389,1.4952499013089011,12.0
3270.0,291503.31787281047,5314523.474415017,1.4952499013030969,12.0
3275.0,291503.69524573773,5314528.460153646,1.4952499013030969,12.0
3280.0,291504.07261866494,5314533.445892274,1.4952499013159302,12.0
3285.0,291504.44999159215,5314538.431630904,1.4952499013159302,12.0
3290.0,291504.82736451935,5314543.417369532,1.4952499013030969,12.0
3295.0,291505.2047374466,5314548.403108161,1.4952499013030969,12.0
3300.0,291505.5821103738,5314553.3888467895,1.4952499013089011,12.0
3305.0,291505.95948330103,5314558.374585418,1.495249901310126,12.0
3310.0,291506.3368562283,5314563.3603240475,1.495249901310126,12.0
3315.0,291506.7142291555,5314568.346062676,1.4952499013089011,12.0
3320.0,291507.0916020827,5314573.331801305,1.4952499013089011,12.0
3325.0,291507.4689750099,5314578.317539933,1.4952499013030969,12.0
3330.0,291507.8463479372,5314583.303278562,1.4952499013030969,12.0
3335.0,291508.2237208644,5314588.28901719,1.4952499013159302,12.0
3340.0,291508.6010937916,5314593.27475582,1.4952499013159302,12.0
3345.0,291508.9784667188,5314598.260494448,1.4952499013030969,12.0
3350.0,291509.3558396461,5314603.246233077,1.4952499013030969,12.0
3355.0,291509.7332125733,5314608.231971705,1.4952499013089011,12.0
3360.0,291510.1105855005,5314613.217710334,1.4952499013089011,12.0
3365.0,291510.4879584277,5314618.203448962,1.495249901310126,12.0
3370.0,291510.86533135496,5314623.189187592,1.495249901310126,12.0
3375.0,291511.24270428217,5314628.17492622,1.4952499013089011,12.0
3380.0,291511.6200772094,5314633.160664849,1.4952499013030969,12.0
3385.0,291511.99745013664,5314638.1464034775,1.4952499013030969,12.0
3390.0,291512.37482306384,5314643.132142106,1.4952499013159302,12.0
3395.0,291512.75219599105,5314648.117880736,1.4952499013159302,12.0
3400.0,291513.12956891826,5314653.103619364,1.4952499013030969,12.0
3405.0,291513.5069418455,5314658.089357993,1.4952499013030969,12.0
3410.0,291513.88431477273,5314663.075096621,1.4952499013089011,12.0
3415.0,291514.26168769994,5314668.06083525,1.4952499013089011,12.0
3420.0,291514.63906062715,5314673.046573878,1.495249901310126,12.0
3425.0,291515.0164335544,5314678.032312508,1.495249901310126,12.0
3430.0,291515.3938064816,5314683.018051136,1.4952499013089011,12.0
3435.0,291515.7711794088,5314688.003789765,1.49833244698569,12.0
3440.0,291516.1177928468,5314692.991553831,1.5081264271436001,12.0
3445.0,291516.3974411973,5314697.983727386,1.5148374563807383,12.0
3450.0,291516.6770895478,5314702.975900941,1.5148374563813412,12.0
3455.0,291516.95673789823,5314707.968074495,1.51483745638655,12.0
3460.0,291517.2363862487,5314712.96024805,1.5148374563807383,12.0
3465.0,291517.5160345992,5314717.952421605,1.5148374563755296,12.0
3470.0,291517.7956829497,5314722.944595159,1.5148374563807383,12.0
3475.0,291518.0753313002,5314727.936768714,1.5148374563807383,12.0
3480.0,291518.3549796507,5314732.928942269,1.5148374563813412,12.0
3485.0,291518.63462800113,5314737.921115823,1.51483745638655,12.0
3490.0,291518.9142763516,5314742.913289378,1.5148374563807383,12.0
3495.0,291519.1939247021,5314747.905462933,1.5148374563755296,12.0
3500.0,291519.4735730526,5314752.897636487,1.5148374563807383,12.0
3505.0,291519.7532214031,5314757.889810042,1.51483745638655,12.0
3510.0,291520.03286975354,5314762.881983597,1.5148374563813412,12.0
3515.0,291520.31251810404,5314767.874157151,1.5148374563807383,12.0
3520.0,291520.59216645453,5314772.8663307065,1.5148374563807383,12.0
3525.0,291520.871814805,5314777.858504261,1.5148374563755296,12.0
3530.0,291521.1514631555,5314782.850677815,1.5148374563755296,12.0
3535.0,291521.431111506,5314787.84285137,1.51483745638655,12.0
3540.0,291521.71075985645,5314792.835024925,1.51483745638655,12.0
3545.0,291521.99040820694,5314797.827198479,1.5148374563755296,12.0
3550.0,291522.27005655743,5314802.819372034,1.4958877903590555,12.0
3555.0,291522.7384972997,5314807.795212228,1.4655400640154699,12.0
3560.0,291523.32038187445,5314812.761237836,1.4541551043388063,12.0
3565.0,291523.9022664492,5314817.727263444,1.454155104333025,12.0
3570.0,291524.48415102396,5314822.693289053,1.454155104333025,12.0
3575.0,291525.0660355987,5314827.65931466,1.4541551043388063,12.0
3580.0,291525.6479201734,5314832.625340269,1.4541551043496448,12.0
3585.0,291526.22980474815,5314837.591365878,1.454155104333025,12.0
3590.0,291526.81168932293,5314842.557391485,1.454155104333025,12.0
3595.0,291527.39357389766,5314847.523417094,1.4541551043496448,12.0
3600.0,291527.9754584724,5314852.489442702,1.4541551043388063,12.0
3605.0,291528.5573430471,5314857.45546831,1.4299039461413663,12.0
3610.0,291529.3783729432,5314862.380816734,1.3780289421239929,12.0
3615.0,291530.4710912627,5314867.259952587,1.3504745182657545,12.0
3620.0,291531.56380958215,5314872.139088441,1.350474518286108,12.0
3625.0,291532.65652790165,5314877.018224294,1.3504745182657545,12.0
3630.0,291533.7492462211,5314881.897360147,1.3504745182657545,12.0
3635.0,291534.8419645406,5314886.776496001,1.3504745182657545,12.0
3640.0,291535.93468286004,5314891.655631853,1.3504745182657545,12.0
3645.0,291537.02740117954,5314896.534767707,1.350474518286108,12.0
3650.0,291538.120119499,5314901.4139035605,1.3504745182657545,12.0
3655.0,291539.2128378185,5314906.293039413,1.3504745182657545,12.0
3660.0,291540.30555613793,5314911.172175267,1.3504745182657545,12.0
3665.0,291541.39827445743,5314916.051311119,1.3504745182657545,12.0
3670.0,291542.4909927769,5314920.930446973,1.3504745182657545,12.0
3675.0,291543.5837110964,5314925.809582826,1.3504745182657545,12.0
3680.0,291544.6764294158,5314930.688718679,1.350474518286108,12.0
3685.0,291545.7691477353,5314935.567854533,1.3504745182600744,12.0
3690.0,291546.8618660548,5314940.446990386,1.3504745182657545,12.0
3695.0,291547.95458437427,5314945.326126239,1.3504745182657545,12.0
3700.0,291549.04730269377,5314950.205262092,1.3504745182657545,12.0
3705.0,291550.1400210132,5314955.084397946,1.350474518286108,12.0
3710.0,291551.2327393327,5314959.963533799,1.3504745182657545,12.0
3715.0,291552.32545765216,5314964.842669652,1.3504745182657545,12.0
3720.0,291553.41817597166,5314969.721805505,1.301295026018585,12.0
3725.0,291554.98076572246,5314974.455642827,1.2215943573812837,12.0
3730.0,291556.83297642,5314979.099920546,1.1913113466460736,12.0
3735.0,291558.6851871175,5314983.744198265,1.1913113466460736,12.0
3740.0,291560.53739781503,5314988.388475983,1.1913113466805736,12.0
3745.0,291562.3896085125,5314993.032753703,1.1913113466805736,12.0
3750.0,291564.24181921006,5314997.677031422,1.1913113466460736,12.0
3755.0,291566.09402990754,5315002.321309141,1.1913113466460736,12.0
3760.0,291567.9462406051,5315006.96558686,1.191311346675167,12.0
3765.0,291569.79845130263,5315011.6098645795,1.1913113466805736,12.0
3770.0,291571.6506620001,5315016.254142298,1.1913113466460736,12.0
3775.0,291573.50287269766,5315020.898420017,1.1913113466460736,12.0
3780.0,291575.35508339514,5315025.542697736,1.1913113466805736,12.0
3785.0,291577.2072940927,5315030.186975456,1.1913113466805736,12.0
3790.0,291579.0595047902,5315034.831253175,1.1913113466460736,12.0
3795.0,291580.9117154877,5315039.475530894,1.1913113466406668,12.0
3800.0,291582.76392618526,5315044.119808612,1.1913113466805736,12.0
3805.0,291584.61613688275,5315048.764086332,1.1913113466805736,12.0
3810.0,291586.4683475803,5315053.408364051,1.1913113466460736,12.0
3815.0,291588.3205582778,5315058.05264177,1.1913113466460736,12.0
3820.0,291590.1727689753,5315062.696919489,1.1913113466805736,12.0
3825.0,291592.0249796728,5315067.3411972085,1.1913113466805736,12.0
3830.0,291593.87719037035,5315071.985474927,1.1913113466406668,12.0
3835.0,291595.7294010679,5315076.629752646,1.1913113466460736,12.0
3840.0,291597.5816117654,5315081.274030365,1.1913113466805736,12.0
3845.0,291599.4338224629,5315085.918308085,1.1913113466805736,12.0
3850.0,291601.2860331604,5315090.562585804,1.135630963881505,12.0
3855.0,291603.6410067132,5315094.968201064,1.0718823920875105,12.0
3860.0,291606.06846348185,5315099.339408407,1.0638712124123608,12.0
3865.0,291608.4959202505,5315103.7106157495,1.0638712124123608,12.0
3870.0,291610.9233770191,5315108.081823093,1.0638712124575758,12.0
3875.0,291613.35083378776,5315112.453030436,1.0638712124123608,12.0
3880.0,291615.7782905564,5315116.824237779,1.0638712124123608,12.0
3885.0,291618.20574732503,5315121.195445122,1.0638712124575758,12.0
3890.0,291620.63320409367,5315125.566652466,0.9603152980735247,12.0
3895.0,291623.8724941809,5315129.295019869,0.7964945325653546,12.0
3900.0,291627.57078609685,5315132.659932484,0.7382337263248744,12.0
3905.0,291631.26907801285,5315136.024845098,0.7382337263248744,12.0
3910.0,291634.9673699288,5315139.389757713,0.7382337263287917,12.0
3915.0,291638.6656618447,5315142.7546703275,0.7382337263248744,12.0
3920.0,291642.3639537607,5315146.119582943,0.7382337263248744,12.0
3925.0,291646.06224567664,5315149.484495557,0.6997994373384573,12.0
3930.0,291649.9841866909,5315152.535404427,0.5800925213942074,12.0
3935.0,291654.3731384531,5315154.930629349,0.49956641221297376,12.0
3940.0,291658.76209021534,5315157.325854272,0.49956641221297376,12.0
3945.0,291663.1510419776,5315159.721079194,0.4995664122101854,12.0
3950.0,291667.53999373986,5315162.116304116,0.4995664122101854,12.0
3955.0,291671.9289455021,5315164.511529039,0.49956641221297376,12.0
3960.0,291676.3178972643,5315166.906753961,0.49956641221297376,12.0
3965.0,291680.70684902655,5315169.301978883,0.49956641229472437,12.0
3970.0,291685.0958007888,5315171.697203807,0.49956641229193594,12.0
3975.0,291689.48475255107,5315174.092428729,0.4995664122101854,12.0
3980.0,291693.8737043133,5315176.487653651,0.49956641221297376,12.0
3985.0,291698.26265607553,5315178.882878574,0.49956641221297376,12.0
3990.0,291702.65160783776,5315181.278103496,0.49956641221297376,12.0
3995.0,291707.0405596,5315183.673328418,0.4995664122101854,12.0
4000.0,291711.4295113623,5315186.068553341,0.4995664122101854,12.0
4005.0,291715.8184631245,5315188.463778263,0.49956641221297376,12.0
4010.0,291720.20741488674,5315190.859003185,0.49956641221297376,12.0
4015.0,291724.59636664897,5315193.254228108,0.4995664122101854,12.0
4020.0,291728.98531841126,5315195.64945303,0.4995664122101854,12.0
4025.0,291733.3742701735,5315198.044677952,0.49956641221297376,12.0
4030.0,291737.7632219357,5315200.439902875,0.49956641221297376,12.0
4035.0,291742.15217369795,5315202.835127797,0.49956641221297376,12.0
4040.0,291746.5411254602,5315205.230352719,0.4995664122101854,12.0
4045.0,291750.93007722247,5315207.625577642,0.4995664122101854,12.0
4050.0,291755.3190289847,5315210.020802564,0.49956641221297376,12.0
4055.0,291759.7079807469,5315212.416027486,0.49956641221297376,12.0
4060.0,291764.09693250916,5315214.811252409,0.49956641221297376,12.0
4065.0,291768.4858842714,5315217.206477331,0.499669307741712,12.0
4070.0,291772.8743210796,5315219.60259343,0.5240657236663645,12.0
4075.0,291777.1412262792,5315222.209031616,0.5483591220466416,12.0
4080.0,291781.4081314788,5315224.815469802,0.5483591220466416,12.0
4085.0,291785.67503667844,5315227.421907988,0.9854730622586312,12.0
4090.0,291786.07543190883,5315231.857226706,1.601825019771498,12.0
4095.0,291785.3836695636,5315236.809141978,1.7095940183803058,12.0
4100.0,291784.69190721837,5315241.761057249,1.7095940183860705,12.0
4105.0,291784.0001448731,5315246.712972521,1.6813452328263376,12.0
4110.0,291783.5900322822,5315251.687727903,1.6234159986874284,12.0
4115.0,291783.4748614271,5315256.686401294,1.5938325351888867,12.0
4120.0,291783.359690572,5315261.685074685,1.5938325351867415,12.0
4125.0,291783.2445197169,5315266.683748077,1.5938325351925606,12.0
4130.0,291783.12934886175,5315271.682421468,1.5938325351925606,12.0
4135.0,291783.0141780066,5315276.68109486,1.5938325351867415,12.0
4140.0,291782.89900715154,5315281.679768251,1.5938325351867415,12.0
4145.0,291782.7838362964,5315286.678441643,1.4978006665297388,12.0
4150.0,291783.60373809515,5315291.317037206,1.2793115965874418,12.0
4155.0,291785.54769845,5315295.89038047,1.1002896193441465,12.0
4160.0,291788.09761928016,5315300.152762992,0.9481188062450869,12.0
4165.0,291791.18379952206,5315303.740552559,0.8604161835622461,12.0
